{"cameraMode":{"drawMode":0,"name":"Shaded","section":"Shading Mode"},"sceneLighting":true,"audioPlay":false,"sceneViewState":{"m_AlwaysRefresh":true,"showFog":true,"showSkybox":true,"showFlares":true,"showImageEffects":true,"showParticleSystems":true,"showVisualEffectGraphs":true,"m_FxEnabled":true},"in2DMode":false,"pivot":{"x":3.074906826019287,"y":-0.19084224104881288,"z":-1.9246466159820557},"rotation":{"x":0.11155515164136887,"y":0.7196779251098633,"z":-0.1189563199877739,"w":0.6749005317687988},"size":62.64098358154297,"orthographic":false}