{"cameraMode":{"drawMode":0,"name":"Shaded","section":"Shading Mode"},"sceneLighting":true,"audioPlay":false,"sceneViewState":{"m_AlwaysRefresh":true,"showFog":true,"showSkybox":true,"showFlares":true,"showImageEffects":true,"showParticleSystems":true,"showVisualEffectGraphs":true,"m_FxEnabled":true},"in2DMode":false,"pivot":{"x":17.160402297973634,"y":26.879478454589845,"z":-33.955230712890628},"rotation":{"x":0.09165173768997193,"y":0.9026398062705994,"z":-0.2384544014930725,"w":0.3465609550476074},"size":22.976470947265626,"orthographic":false}