{"cameraMode":{"drawMode":0,"name":"Shaded","section":"Shading Mode"},"sceneLighting":true,"audioPlay":false,"sceneViewState":{"m_AlwaysRefresh":true,"showFog":true,"showSkybox":true,"showFlares":true,"showImageEffects":true,"showParticleSystems":true,"showVisualEffectGraphs":true,"m_FxEnabled":true},"in2DMode":false,"pivot":{"x":23.372665405273439,"y":0.03717660903930664,"z":-30.96144676208496},"rotation":{"x":0.14032357931137086,"y":0.6347712278366089,"z":-0.11865697801113129,"w":0.7505777478218079},"size":8.739139556884766,"orthographic":false}