{"cameraMode":{"drawMode":0,"name":"Shaded","section":"Shading Mode"},"sceneLighting":true,"audioPlay":false,"sceneViewState":{"m_AlwaysRefresh":true,"showFog":true,"showSkybox":true,"showFlares":true,"showImageEffects":true,"showParticleSystems":true,"showVisualEffectGraphs":true,"m_FxEnabled":true},"in2DMode":false,"pivot":{"x":2.0894789695739748,"y":1.7913521528244019,"z":-30.066768646240236},"rotation":{"x":0.05594126880168915,"y":0.773563802242279,"z":-0.06883355230093003,"w":0.6276049613952637},"size":0.8660253882408142,"orthographic":false}