{"cameraMode":{"drawMode":0,"name":"Shaded","section":"Shading Mode"},"sceneLighting":true,"audioPlay":false,"sceneViewState":{"m_AlwaysRefresh":true,"showFog":true,"showSkybox":true,"showFlares":true,"showImageEffects":true,"showParticleSystems":true,"showVisualEffectGraphs":true,"m_FxEnabled":true},"in2DMode":false,"pivot":{"x":23.383073806762697,"y":0.08610224723815918,"z":-30.910049438476564},"rotation":{"x":0.1393740326166153,"y":0.6338216066360474,"z":-0.11749567836523056,"w":0.751738965511322},"size":19.86725616455078,"orthographic":false}