{"cameraMode":{"drawMode":0,"name":"Shaded","section":"Shading Mode"},"sceneLighting":true,"audioPlay":false,"sceneViewState":{"m_AlwaysRefresh":true,"showFog":true,"showSkybox":true,"showFlares":true,"showImageEffects":true,"showParticleSystems":true,"showVisualEffectGraphs":true,"m_FxEnabled":true},"in2DMode":false,"pivot":{"x":0.49717628955841067,"y":2.0121853351593019,"z":-29.94997787475586},"rotation":{"x":-0.04599858447909355,"y":-0.7327234148979187,"z":0.049762923270463946,"w":-0.677338182926178},"size":0.4681904911994934,"orthographic":false}